22.xls,1,1,2,12,2
22.xls,3,1,34,12,4
22.xls,35,1,35,12,5
23.xls,1,1,3,12,2
23.xls,4,1,35,12,4
23.xls,36,1,36,12,5
24.xls,1,1,2,12,1
24.xls,3,1,6,12,2
24.xls,7,1,38,12,4
24.xls,39,1,39,12,5
25.xls,1,1,2,12,1
25.xls,3,1,4,12,2
25.xls,5,1,36,12,4
25.xls,37,1,37,12,5
26.xls,1,1,2,12,1
26.xls,3,1,5,12,2
26.xls,6,1,37,12,4
26.xls,38,1,38,12,5
1.xls,1,1,2,39,1
1.xls,3,1,7,39,2
1.xls,8,1,40,39,4
1.xls,1,1,2,39,1
1.xls,3,1,7,39,2
1.xls,8,1,40,39,4
1.xls,1,1,2,39,1
1.xls,3,1,7,39,2
1.xls,8,1,40,39,4
1.xls,1,1,2,39,1
1.xls,3,1,7,39,2
1.xls,8,1,40,39,4
6.xls,1,1,1,11,1
6.xls,2,1,2,11,2
6.xls,3,1,88,11,4
6.xls,89,1,89,11,5
7.xls,1,1,1,15,1
7.xls,2,1,2,15,2
7.xls,3,1,341,15,4
7.xls,342,1,342,15,5
8.xls,1,1,2,13,1
8.xls,3,1,4,13,2
8.xls,5,1,28,13,4
8.xls,29,1,29,13,5
10.xls,1,1,2,15,1
10.xls,3,1,5,15,2
10.xls,6,1,29,15,4
10.xls,30,1,30,15,5
10.xls,31,1,40,15,5
11.xls,1,1,1,14,1
11.xls,2,1,2,14,2
11.xls,3,1,10,14,4
11.xls,11,1,11,14,5
12.xls,1,1,2,13,1
12.xls,3,1,6,13,2
12.xls,7,1,38,13,4
12.xls,39,1,39,1,5
13.xls,1,1,2,12,1
13.xls,3,1,4,12,2
13.xls,5,1,36,12,4
13.xls,37,1,37,12,5
14.xls,1,1,2,12,1
14.xls,3,1,5,12,2
14.xls,6,1,37,12,4
14.xls,38,1,38,12,5
15.xls,1,1,2,13,1
15.xls,3,1,6,13,2
15.xls,7,1,38,13,4
15.xls,39,1,39,1,5
16.xls,1,1,2,12,1
16.xls,3,1,4,12,2
16.xls,5,1,36,12,4
16.xls,37,1,37,12,5
17.xls,1,1,2,12,1
17.xls,3,1,5,12,2
17.xls,6,1,37,12,4
17.xls,38,1,38,12,5
18.xls,1,1,2,12,1
18.xls,3,1,6,12,2
18.xls,7,1,38,12,4
18.xls,39,1,39,12,5
19.xls,1,1,2,12,1
19.xls,3,1,4,12,2
19.xls,5,1,36,12,4
19.xls,37,1,37,12,5
21.xls,1,1,4,13,2
21.xls,5,1,36,13,4
21.xls,37,1,37,1,5
22.xls,1,1,2,12,2
22.xls,3,1,34,12,4
22.xls,35,1,35,12,5
23.xls,1,1,3,12,2
23.xls,4,1,35,12,4
23.xls,36,1,36,12,5
24.xls,1,1,2,12,1
24.xls,3,1,6,12,2
24.xls,7,1,38,12,4
24.xls,39,1,39,12,5
30.xls,2,1,3,9,2
30.xls,2,11,3,19,2
30.xls,4,1,41,9,4
30.xls,4,11,33,19,4
30.xls,2,1,3,9,2
30.xls,2,11,3,19,2
30.xls,4,1,41,9,4
30.xls,4,11,33,19,4
32.xls,1,1,1,5,1
32.xls,2,1,3,9,2
32.xls,4,1,41,9,4
31.xls,1,1,1,5,1
31.xls,2,1,3,9,2
31.xls,4,1,41,9,4
33.xls,1,1,1,14,1
33.xls,2,1,2,14,2
33.xls,3,1,9,14,4
33.xls,10,1,10,14,5
34.xls,1,2,2,22,1
34.xls,3,1,5,22,2
34.xls,6,1,29,22,4
34.xls,30,1,33,22,5
35.xls,1,31,1,36,1
35.xls,2,1,4,36,2
35.xls,5,1,28,36,4
35.xls,29,1,36,36,5
36.xls,1,1,1,5,1
36.xls,2,1,3,9,2
36.xls,4,1,41,9,4
37.xls,1,1,1,9,1
37.xls,2,1,3,9,2
37.xls,4,1,41,9,4
38.xls,1,1,1,5,1
38.xls,2,1,3,9,2
38.xls,4,1,41,9,4
39.xls,1,1,1,32,1
39.xls,3,1,5,32,2
39.xls,6,1,29,32,4
39.xls,30,1,32,32,2
39.xls,33,1,36,32,4
39.xls,37,1,44,32,5
40.xls,1,1,1,32,1
40.xls,2,1,4,32,2
40.xls,5,1,28,32,4
40.xls,29,1,31,32,2
40.xls,32,1,35,32,4
40.xls,36,1,43,32,5
43.xls,1,1,1,9,1
43.xls,2,1,3,9,2
43.xls,4,1,41,9,4
44.xls,1,1,1,14,1
44.xls,2,1,2,14,2
44.xls,3,1,6,14,4
44.xls,7,1,7,14,5
45.xls,1,1,1,14,1
45.xls,2,1,2,14,2
45.xls,3,1,3,14,4
45.xls,5,1,5,14,5
45.xls,6,1,17,2,5
46.xls,1,1,1,5,1
46.xls,2,1,3,9,2
46.xls,4,1,41,9,4
47.xls,1,1,1,14,1
47.xls,2,1,2,14,2
47.xls,3,1,3,14,4
47.xls,4,1,4,14,5
48.xls,2,1,3,9,2
48.xls,4,1,41,9,4
48.xls,2,11,3,19,2
48.xls,4,11,33,19,4
49.xls,1,1,1,14,1
49.xls,2,1,2,15,2
49.xls,3,1,17,15,4
49.xls,18,1,18,15,5
51.xls,1,1,2,13,1
51.xls,3,1,4,13,2
51.xls,5,1,28,13,4
51.xls,29,1,29,13,5
52.xls,1,31,1,36,1
52.xls,2,1,4,36,2
52.xls,5,1,28,36,4
52.xls,29,1,36,36,5
53.xls,1,1,2,15,1
53.xls,3,1,5,15,2
53.xls,6,1,29,15,4
53.xls,30,1,40,15,5
54.xls,1,1,2,59,1
54.xls,3,1,5,59,2
54.xls,6,1,29,59,4
54.xls,30,1,31,59,2
54.xls,32,1,35,59,4
54.xls,36,1,37,59,5
55.xls,1,1,1,16,2
55.xls,2,1,20,16,4
56.xls,1,1,1,16,2
56.xls,2,1,6,15,4
57.xls,1,1,1,16,2
57.xls,2,1,23,16,4
58.xls,1,1,1,16,2
58.xls,2,1,20,16,4
59.xls,1,1,1,16,2
59.xls,2,1,6,16,4
60.xls,1,1,1,5,1
60.xls,2,1,3,9,2
60.xls,4,1,41,9,4
61.xls,1,1,1,5,1
61.xls,2,1,3,9,2
61.xls,4,1,41,9,4
62.xls,1,1,1,9,1
62.xls,2,1,3,9,2
62.xls,4,1,41,9,4
63.xls,1,1,1,14,1
63.xls,2,1,2,14,2
63.xls,3,1,3,14,4
63.xls,4,1,4,14,5
64.xls,2,1,3,9,2
64.xls,2,11,3,19,2
64.xls,4,1,41,9,4
64.xls,4,11,34,19,4
65.xls,2,1,3,9,2
65.xls,2,11,3,19,2
65.xls,4,1,41,9,4
65.xls,4,11,34,19,4
66.xls,1,1,1,4,1
66.xls,2,1,3,9,2
66.xls,4,1,41,9,4
67.xls,1,1,1,14,1
67.xls,2,1,2,14,2
67.xls,3,1,10,14,4
67.xls,11,1,11,14,5
68.xls,1,1,1,14,1
68.xls,2,1,2,14,2
68.xls,3,1,16,14,4
68.xls,17,1,17,14,5
69.xls,1,1,1,5,1
69.xls,2,1,3,9,2
69.xls,4,1,41,9,4
70.xls,1,1,1,5,1
70.xls,2,1,3,9,2
70.xls,4,1,41,9,4
73.xls,1,1,1,14,1
73.xls,2,1,2,14,2
73.xls,3,1,7,14,4
73.xls,8,1,8,14,5
74.xls,1,1,1,14,1
74.xls,2,1,2,14,2
74.xls,3,1,8,14,4
74.xls,9,1,9,14,5
75.xls,1,1,1,14,1
75.xls,2,1,2,14,2
75.xls,3,1,6,14,4
75.xls,7,1,7,14,5
75.xls,8,1,19,2,5
76.xls,1,41,1,55,1
76.xls,2,1,5,55,2
76.xls,6,1,30,55,4
76.xls,31,1,36,55,5
76.xls,37,1,41,4,1
76.xls,42,1,45,4,1
76.xls,37,5,37,16,2
76.xls,38,5,41,16,4
76.xls,43,5,46,10,4
76.xls,42,5,42,10,2
77.xls,1,41,1,55,1
77.xls,2,1,5,55,2
77.xls,6,1,30,55,4
77.xls,31,1,36,55,5
77.xls,37,1,41,4,1
77.xls,42,1,45,4,1
77.xls,37,5,37,16,2
77.xls,38,5,41,16,4
77.xls,43,5,46,10,4
77.xls,42,5,42,10,2
77.xls,37,5,37,16,2
77.xls,38,5,41,16,4
77.xls,43,5,46,10,4
77.xls,42,5,42,10,2
77.xls,37,5,37,16,2
77.xls,38,5,41,16,4
77.xls,43,5,46,10,4
77.xls,42,5,42,10,2
80.xls,1,1,1,4,1
80.xls,2,1,3,9,2
80.xls,4,1,41,9,4
81.xls,1,1,1,14,1
81.xls,2,1,2,14,2
81.xls,3,1,3,14,4
81.xls,4,1,4,14,5
82.xls,1,1,1,14,1
82.xls,2,1,2,14,2
82.xls,3,1,3,14,4
82.xls,4,1,4,14,5
82.xls,5,1,16,2,5
83.xls,1,1,1,14,1
83.xls,2,1,2,14,2
83.xls,3,1,3,14,4
83.xls,4,1,4,14,5
86.xls,1,1,1,59,1
86.xls,2,54,2,59,1
86.xls,3,1,5,59,2
86.xls,6,1,29,59,4
86.xls,30,1,31,59,2
86.xls,32,1,36,59,4
86.xls,36,1,37,59,5
87.xls,1,1,1,14,1
87.xls,2,1,2,14,2
87.xls,3,1,4,14,4
87.xls,5,1,5,14,5
88.xls,1,1,1,14,1
88.xls,2,1,2,14,2
88.xls,3,1,5,14,4
88.xls,6,1,6,14,5
95.xls,1,1,1,16,2
95.xls,2,1,23,16,4
95.xls,1,1,1,16,2
95.xls,2,1,23,16,4
95.xls,1,1,1,16,2
95.xls,2,1,23,16,4
95.xls,1,1,1,16,2
95.xls,2,1,23,16,4
95.xls,1,1,1,16,2
95.xls,2,1,23,16,4
95.xls,1,1,1,16,2
95.xls,2,1,23,16,4
95.xls,1,1,1,16,2
95.xls,2,1,23,16,4
95.xls,1,1,1,16,2
95.xls,2,1,23,16,4
95.xls,1,1,1,16,2
95.xls,2,1,23,16,4
95.xls,1,1,1,16,2
95.xls,2,1,23,16,4
93.xls,2,1,3,9,2
93.xls,4,41,1,9,4
90.xls,1,1,1,4,1
90.xls,2,1,3,9,2
90.xls,4,1,41,9,4
92.xls,1,2,1,22,1
92.xls,2,19,2,22,1
92.xls,3,1,5,22,2
92.xls,6,1,29,22,4
92.xls,30,1,33,22,5
96.xls,1,1,1,14,1
96.xls,2,1,2,14,2
96.xls,3,1,8,14,4
96.xls,9,1,9,14,5
97.xlsx,1,1,1,11,1
97.xlsx,2,1,2,11,2
97.xlsx,3,1,14,11,4
97.xlsx,15,1,15,11,5
97.xlsx,16,1,16,11,1
97.xlsx,17,1,17,11,2
97.xlsx,18,1,29,11,4
97.xlsx,30,1,30,11,5
97.xlsx,31,1,31,11,1
97.xlsx,32,1,32,11,2
97.xlsx,33,1,44,11,4
97.xlsx,45,1,45,11,5
97.xlsx,46,1,46,11,1
97.xlsx,47,1,47,11,2
97.xlsx,48,1,59,11,4
97.xlsx,60,1,60,11,5
97.xlsx,61,1,61,11,1
97.xlsx,62,1,62,11,2
97.xlsx,63,1,74,11,4
97.xlsx,75,1,75,11,5
97.xlsx,76,1,76,11,1
97.xlsx,77,1,77,11,2
97.xlsx,78,1,89,11,4
97.xlsx,90,1,90,11,5
97.xlsx,91,1,91,11,1
97.xlsx,92,1,92,11,2
97.xlsx,93,1,104,11,4
97.xlsx,105,1,105,11,5
97.xlsx,106,1,106,11,1
97.xlsx,107,1,107,11,2
97.xlsx,108,1,119,11,4
97.xlsx,120,1,120,11,5
97.xlsx,121,1,121,11,1
97.xlsx,122,1,122,11,2
97.xlsx,123,1,134,11,4
97.xlsx,135,1,135,11,5
97.xlsx,136,1,136,11,1
97.xlsx,137,1,137,11,2
97.xlsx,138,1,148,11,4
97.xlsx,150,1,150,11,5
98.xlsx,1,1,1,11,1
98.xlsx,2,1,2,11,2
98.xlsx,3,1,285,11,4
98.xlsx,286,1,286,11,5
99.xlsx,1,1,1,11,1
99.xlsx,2,1,2,11,2
99.xlsx,3,1,46,11,4
99.xlsx,47,1,47,11,5
102.xlsx,1,1,2,13,1
102.xlsx,3,1,4,13,2
102.xlsx,5,1,28,13,4
102.xlsx,29,1,29,13,5
103.xlsx,1,1,2,13,1
103.xlsx,3,1,4,13,2
103.xlsx,5,1,28,13,4
103.xlsx,29,1,29,13,5
97.xlsx,1,1,1,11,1
97.xlsx,2,1,2,11,2
97.xlsx,3,1,14,11,4
97.xlsx,15,1,15,11,5
97.xlsx,16,1,16,11,1
97.xlsx,17,1,17,11,2
97.xlsx,18,1,29,11,4
97.xlsx,30,1,30,11,5
97.xlsx,31,1,31,11,1
97.xlsx,32,1,32,11,2
97.xlsx,33,1,44,11,4
97.xlsx,45,1,45,11,5
97.xlsx,46,1,46,11,1
97.xlsx,47,1,47,11,2
97.xlsx,48,1,59,11,4
97.xlsx,60,1,60,11,5
97.xlsx,61,1,61,11,1
97.xlsx,62,1,62,11,2
97.xlsx,63,1,74,11,4
97.xlsx,75,1,75,11,5
97.xlsx,76,1,76,11,1
97.xlsx,77,1,77,11,2
97.xlsx,78,1,89,11,4
97.xlsx,90,1,90,11,5
97.xlsx,91,1,91,11,1
97.xlsx,92,1,92,11,2
97.xlsx,93,1,104,11,4
97.xlsx,105,1,105,11,5
97.xlsx,106,1,106,11,1
97.xlsx,107,1,107,11,2
97.xlsx,108,1,119,11,4
97.xlsx,120,1,120,11,5
97.xlsx,121,1,121,11,1
97.xlsx,122,1,122,11,2
97.xlsx,123,1,134,11,4
97.xlsx,135,1,135,11,5
97.xlsx,136,1,136,11,1
97.xlsx,137,1,137,11,2
97.xlsx,138,1,148,11,4
97.xlsx,1,1,1,11,1
97.xlsx,2,1,2,11,2
97.xlsx,3,1,14,11,4
97.xlsx,15,1,15,11,5
97.xlsx,16,1,16,11,1
97.xlsx,17,1,17,11,2
97.xlsx,18,1,29,11,4
97.xlsx,30,1,30,11,5
97.xlsx,31,1,31,11,1
97.xlsx,32,1,32,11,2
97.xlsx,33,1,44,11,4
97.xlsx,45,1,45,11,5
97.xlsx,46,1,46,11,1
97.xlsx,47,1,47,11,2
97.xlsx,48,1,59,11,4
97.xlsx,60,1,60,11,5
97.xlsx,61,1,61,11,1
97.xlsx,62,1,62,11,2
97.xlsx,63,1,74,11,4
97.xlsx,75,1,75,11,5
97.xlsx,76,1,76,11,1
97.xlsx,77,1,77,11,2
97.xlsx,78,1,89,11,4
97.xlsx,90,1,90,11,5
97.xlsx,91,1,91,11,1
97.xlsx,92,1,92,11,2
97.xlsx,93,1,104,11,4
97.xlsx,105,1,105,11,5
97.xlsx,106,1,106,11,1
97.xlsx,107,1,107,11,2
97.xlsx,108,1,119,11,4
97.xlsx,120,1,120,11,5
97.xlsx,121,1,121,11,1
97.xlsx,122,1,122,11,2
97.xlsx,123,1,134,11,4
97.xlsx,135,1,135,11,5
97.xlsx,136,1,136,11,1
97.xlsx,137,1,137,11,2
97.xlsx,138,1,148,11,4
97.xlsx,150,1,150,11,5
97.xlsx,150,1,150,11,5
